VAR,PC1,PC2,PC3,PC4,metals
PC1 (29.76%),-0.4671237906620015,-0.22034775927960742,0.49124774183103126,0.5536119587846355,elem1
PC2 (25.01%),-0.15771744072593544,-0.3204573083147474,-0.8214642661372928,0.14014279543478703,elem2
PC3 (24.12%),0.22322000754664856,0.8241745529255722,-0.0921728376004466,0.25069370885747144,elem3
PC4 (21.12%),-0.4892432162923758,0.15870179324703293,0.1071039103010379,-0.7529439822342104,elem4
