PC1,PC2,PC3,PC4,metals
-0.4473446486134584,-0.00255809868017885,-0.7474309331987082,0.2633088561094883,elem1
0.6267720951111336,-0.08441679388322508,-0.3063228179906841,-0.5382035203579776,elem2
-0.2592547472147676,-0.7298305523004073,0.41678372722146373,-0.013410308984783357,elem3
-0.36018322421039106,0.6458341706483245,0.36088386177104304,-0.32032385035416017,elem4
0.4583606955127319,0.20763634073421117,0.20872827866045768,0.7336335675770373,elem5
0.2881019428132738,0.26483972881520074,0.227557682572216,0.21950064579930958,Explained variance
