PC1,PC2,PC3,PC4,metals
0.5934383095390976,-0.42241607798460046,-0.07223445565934442,0.5134593993889192,var1
-0.5528682976336066,0.3096913404136002,0.30743816942351515,0.5797350636387405,var2
-0.4271189309421495,-0.6383254989162226,0.0637475766451935,-0.43147981268788627,var3
-0.031427288095836496,0.3920961677226191,-0.7766800631758594,-0.15701005568257403,var4
